MassGmol,HCount,CCount,CUp,CDown,OCount,OBonds,OUp,ODown,NCount,NBonds,NUp,NDown,SCount,SBonds,PCount,PBonds,BondsToProtein
221.21,15,8,1,0,6,12,2,1,1,3,0,1,0,0,0,0,5EBE
256.42,32,16,0,0,2,4,0,0,0,0,0,0,0,0,0,0,5D5A
497.5,27,24,0,0,7,14,0,0,5,15,0,2,0,0,0,0,5HDB
106.12,10,4,0,0,3,6,0,0,0,0,0,0,0,0,0,0,5AM8
386.65,46,27,5,2,1,2,1,0,0,0,0,0,0,0,0,0,5D5A
180.16,12,6,1,0,6,12,2,2,0,0,0,0,0,0,0,0,5AM8
146.14,10,5,0,0,3,6,0,0,2,6,1,0,0,0,0,0,5AM9
298.38,22,18,0,0,2,4,0,1,2,6,0,0,0,0,0,0,5D5A
180.16,12,6,0,1,6,12,3,1,0,0,0,0,0,0,0,0,5HDB
164.16,12,6,0,1,5,10,2,2,0,0,0,0,0,0,0,0,5AM8
92.09,8,3,0,0,3,3,0,0,0,0,0,0,0,0,0,0,5HDB
59.07,5,2,0,0,1,2,0,0,1,3,0,0,0,0,0,0,5D5A
546.65,50,24,0,0,13,26,0,0,0,0,0,0,0,0,0,0,5D5A
147.2,15,6,0,0,2,4,0,0,2,7,0,1,0,0,0,0,5AM9
58.08,0,1,0,0,0,0,0,0,1,3,0,0,1,1,0,0,5EBE
194.23,18,8,0,0,5,10,0,0,0,0,0,0,0,0,0,0,5A1I
90.12,10,4,0,0,2,4,0,0,0,0,0,0,0,0,0,0,5D5A
102.05,15,8,0,0,5,6,0,0,0,0,0,0,0,0,0,0,5EBE
96.06,0,0,0,0,4,6,0,0,0,0,0,0,1,6,0,0,5HDB
230.11,11,5,0,1,8,16,2,1,0,0,0,0,0,0,1,5,5EBE
256.97,6,0,0,0,9,18,0,1,1,3,1,0,0,0,3,15,5A1I
323.2,14,9,1,0,8,16,0,2,3,9,1,0,0,0,1,5,5EBE
164.16,12,6,0,1,5,10,1,3,0,0,0,0,0,0,0,0,5AM8
282.33,26,12,0,0,7,14,0,0,0,0,0,0,0,0,0,0,5AM8
117.15,11,5,0,0,2,4,0,0,1,3,1,0,0,0,0,0,5AM9
221.21,12,8,1,0,6,12,1,2,1,3,0,1,0,0,0,0,5HDB
106.12,10,4,0,0,3,6,0,0,0,0,0,0,0,0,0,0,5A1I
62.07,6,2,0,0,2,4,0,0,0,0,0,0,0,0,0,0,5A1I
147.13,9,5,0,0,4,8,0,0,1,3,1,0,0,0,0,0,5AM9
180.16,12,6,1,0,6,12,2,2,0,0,0,0,0,0,0,0,5HDB
267.24,13,10,1,0,4,8,0,2,5,15,1,0,0,0,0,0,5A1I
342.3,22,12,2,0,11,22,3,4.5,0,0,0,0,0,0,0,0,5D5A
180.16,12,6,1,0,6,12,3,1,0,0,0,0,0,0,0,0,5AM8
221.21,15,8,1,0,6,12,2,1,1,3,0,1,0,0,0,0,5AM8
149.21,11,5,0,0,2,4,0,0,1,3,1,0,1,2,0,0,5A1I
398.44,22,15,1,0,5,9,0,2,6,18,2,0,1,3,0,0,5A1I
